cluster,customers,total_sales,avg_sales,order_count,avg_orders,avg_recency,segment
3,68,628078.897,9236.454367647058,558,8.205882352941176,119.70588235294117,Platinum
0,279,900289.2828,3226.8433075268817,2371,8.498207885304659,70.14336917562724,Gold
2,347,594186.8052,1712.3539054755042,1632,4.703170028818444,100.5850144092219,Silver
1,99,138981.7977,1403.8565424242424,361,3.6464646464646466,555.3333333333334,Bronze
